<?xml version="1.0" encoding="UTF-8"?>
<faces-config xmlns="http://java.sun.com/xml/ns/javaee"
    xmlns:xi="http://www.w3.org/2001/XInclude"
    xmlns:xsi="http://www.w3.org/2001/XMLSchema-instance"
    xsi:schemaLocation="http://java.sun.com/xml/ns/javaee http://java.sun.com/xml/ns/javaee/web-facesconfig_2_0.xsd"
    version="2.0"
    >
  <managed-bean>
    <managed-bean-name>aStringBean</managed-bean-name>
    <managed-bean-class>AString</managed-bean-class>
    <managed-bean-scope>session</managed-bean-scope>
    <managed-property>
      <property-name>str</property-name>
      <property-class>java.lang.String</property-class>
      <null-value></null-value>
      </managed-property>
    </managed-bean>
  <navigation-rule>
    <from-view-id>/first.jsp</from-view-id>
    <navigation-case>
      <from-outcome>goOn</from-outcome>
      <to-view-id>/second.jsp</to-view-id>
      </navigation-case>
    </navigation-rule>
  <navigation-rule>
    <from-view-id>/second.jsp</from-view-id>
    <navigation-case>
      <from-outcome>goBack</from-outcome>
      <to-view-id>/first.jsp</to-view-id>
      </navigation-case>
    </navigation-rule>
  </faces-config>