<?xml version="1.0" encoding="UTF-8"?>
<faces-config xmlns="http://java.sun.com/xml/ns/javaee"
    xmlns:xi="http://www.w3.org/2001/XInclude"
    xmlns:xsi="http://www.w3.org/2001/XMLSchema-instance"
    xsi:schemaLocation="http://java.sun.com/xml/ns/javaee http://java.sun.com/xml/ns/javaee/web-facesconfig_2_0.xsd"
    version="2.0"
    >
  <navigation-rule>
    <from-view-id>/first.jspx</from-view-id>
    <navigation-case>
      <from-outcome>goOn</from-outcome>
      <to-view-id>/second.jspx</to-view-id>
      </navigation-case>
    </navigation-rule>
  <navigation-rule>
    <from-view-id>/second.jspx</from-view-id>
    <navigation-case>
      <from-outcome>goBack</from-outcome>
      <to-view-id>/first.jspx</to-view-id>
      </navigation-case>
    </navigation-rule>
  </faces-config>