  <security-role>
    <role-name>canDoThis</role-name>
    <role-name>canDoThat</role-name>
    </security-role>
  <security-constraint>
    <web-resource-collection>
      <web-resource-name>This</web-resource-name>
      <url-pattern>/tests/auth/this/*</url-pattern>
      </web-resource-collection>
    <auth-constraint>
      <role-name>canDoThis</role-name>
      </auth-constraint>
    </security-constraint>
  <security-constraint>
    <web-resource-collection>
      <web-resource-name>That</web-resource-name>
      <url-pattern>/tests/auth/that/*</url-pattern>
      <http-method>GET</http-method>
      </web-resource-collection>
    <auth-constraint>
      <role-name>canDoThat</role-name>
      </auth-constraint>
    </security-constraint>
  <login-config>
    <auth-method>BASIC</auth-method>
    </login-config>
